inventoryId,productId,availableStock,reorderLevel,inventoryStatus
1,1,86,6,AVAILABLE
2,2,31,6,AVAILABLE
3,3,51,19,AVAILABLE
4,4,29,11,AVAILABLE
5,5,96,6,AVAILABLE
6,6,17,14,AVAILABLE
7,7,29,15,AVAILABLE
8,8,73,15,AVAILABLE
9,9,30,14,AVAILABLE
10,10,18,12,AVAILABLE
11,11,52,14,AVAILABLE
12,12,35,6,AVAILABLE
13,13,71,10,AVAILABLE
14,14,80,18,AVAILABLE
15,15,71,20,AVAILABLE
16,16,6,16,LOW STOCK
17,17,82,17,AVAILABLE
18,18,100,15,AVAILABLE
19,19,89,18,AVAILABLE
20,20,52,9,AVAILABLE
21,21,38,17,AVAILABLE
22,22,23,20,AVAILABLE
23,23,30,12,AVAILABLE
24,24,38,9,AVAILABLE
25,25,59,6,AVAILABLE
26,26,71,18,AVAILABLE
27,27,53,9,AVAILABLE
28,28,49,12,AVAILABLE
29,29,32,11,AVAILABLE
30,30,42,7,AVAILABLE
31,31,57,16,AVAILABLE
32,32,11,11,AVAILABLE
33,33,6,13,LOW STOCK
34,34,48,6,AVAILABLE
35,35,9,11,LOW STOCK
36,36,97,11,AVAILABLE
37,37,61,11,AVAILABLE
38,38,42,14,AVAILABLE
39,39,1,11,LOW STOCK
40,40,24,8,AVAILABLE
41,41,95,20,AVAILABLE
42,42,31,11,AVAILABLE
43,43,50,12,AVAILABLE
44,44,70,15,AVAILABLE
45,45,99,14,AVAILABLE
46,46,48,19,AVAILABLE
47,47,68,16,AVAILABLE
48,48,39,13,AVAILABLE
49,49,46,20,AVAILABLE
50,50,59,8,AVAILABLE
51,51,92,20,AVAILABLE
52,52,97,15,AVAILABLE
53,53,26,16,AVAILABLE
54,54,40,18,AVAILABLE
55,55,-5,12,LOW STOCK
56,56,94,9,AVAILABLE
57,57,2,13,LOW STOCK
58,58,70,18,AVAILABLE
59,59,37,9,AVAILABLE
60,60,25,15,AVAILABLE
61,61,29,17,AVAILABLE
62,62,72,12,AVAILABLE
63,63,63,15,AVAILABLE
64,64,32,20,AVAILABLE
65,65,92,20,AVAILABLE
66,66,58,10,AVAILABLE
67,67,93,16,AVAILABLE
68,68,21,9,AVAILABLE
69,69,92,20,AVAILABLE
70,70,23,6,AVAILABLE
71,71,67,6,AVAILABLE
72,72,9,6,AVAILABLE
73,73,97,5,AVAILABLE
74,74,52,9,AVAILABLE
75,75,80,12,AVAILABLE
76,76,8,9,LOW STOCK
77,77,1,11,LOW STOCK
78,78,64,19,AVAILABLE
79,79,47,6,AVAILABLE
80,80,79,20,AVAILABLE
81,81,84,20,AVAILABLE
82,82,2,5,LOW STOCK
83,83,68,18,AVAILABLE
84,84,1,5,LOW STOCK
85,85,67,13,AVAILABLE
86,86,68,14,AVAILABLE
87,87,2,18,LOW STOCK
88,88,22,8,AVAILABLE
89,89,12,9,AVAILABLE
90,90,30,11,AVAILABLE
91,91,79,13,AVAILABLE
92,92,45,13,AVAILABLE
93,93,50,7,AVAILABLE
94,94,47,17,AVAILABLE
95,95,58,12,AVAILABLE
96,96,89,12,AVAILABLE
97,97,38,7,AVAILABLE
98,98,83,6,AVAILABLE
99,99,11,17,LOW STOCK
100,100,48,17,AVAILABLE
101,101,70,20,AVAILABLE
102,102,7,5,AVAILABLE
103,103,89,10,AVAILABLE
104,104,10,20,LOW STOCK
105,105,55,15,AVAILABLE
106,106,72,8,AVAILABLE
107,107,67,6,AVAILABLE
108,108,29,11,AVAILABLE
109,109,88,20,AVAILABLE
110,110,-5,6,LOW STOCK
111,111,9,13,LOW STOCK
112,112,69,6,AVAILABLE
113,113,22,15,AVAILABLE
114,114,2,11,LOW STOCK
115,115,75,9,AVAILABLE
116,116,96,17,AVAILABLE
117,117,9,14,LOW STOCK
118,118,20,12,AVAILABLE
119,119,72,17,AVAILABLE
120,120,86,15,AVAILABLE
121,121,49,9,AVAILABLE
122,122,88,7,AVAILABLE
123,123,64,16,AVAILABLE
124,124,6,8,LOW STOCK
125,125,55,12,AVAILABLE
126,126,9,15,LOW STOCK
127,127,77,17,AVAILABLE
128,128,99,15,AVAILABLE
129,129,3,13,LOW STOCK
130,130,100,19,AVAILABLE
131,131,62,12,AVAILABLE
132,132,45,17,AVAILABLE
133,133,55,10,AVAILABLE
134,134,87,17,AVAILABLE
135,135,10,14,LOW STOCK
136,136,31,7,AVAILABLE
137,137,10,13,LOW STOCK
138,138,19,17,AVAILABLE
139,139,91,9,AVAILABLE
140,140,94,17,AVAILABLE
141,141,40,16,AVAILABLE
142,142,13,7,AVAILABLE
143,143,0,14,LOW STOCK
144,144,56,16,AVAILABLE
145,145,97,13,AVAILABLE
146,146,13,9,AVAILABLE
147,147,11,10,AVAILABLE
148,148,55,19,AVAILABLE
149,149,71,18,AVAILABLE
150,150,13,5,AVAILABLE
151,151,11,16,LOW STOCK
152,152,70,7,AVAILABLE
153,153,76,15,AVAILABLE
154,154,49,5,AVAILABLE
155,155,37,18,AVAILABLE
156,156,49,7,AVAILABLE
157,157,92,12,AVAILABLE
158,158,73,10,AVAILABLE
159,159,87,17,AVAILABLE
160,160,21,9,AVAILABLE
161,161,34,14,AVAILABLE
162,162,34,20,AVAILABLE
163,163,18,7,AVAILABLE
164,164,21,18,AVAILABLE
165,165,-5,18,LOW STOCK
166,166,38,20,AVAILABLE
167,167,100,7,AVAILABLE
168,168,46,13,AVAILABLE
169,169,31,20,AVAILABLE
170,170,76,11,AVAILABLE
171,171,58,8,AVAILABLE
172,172,17,14,AVAILABLE
173,173,0,17,LOW STOCK
174,174,42,17,AVAILABLE
175,175,42,19,AVAILABLE
176,176,42,18,AVAILABLE
177,177,83,9,AVAILABLE
178,178,38,15,AVAILABLE
179,179,77,11,AVAILABLE
180,180,61,15,AVAILABLE
181,181,22,17,AVAILABLE
182,182,40,14,AVAILABLE
183,183,94,20,AVAILABLE
184,184,73,12,AVAILABLE
185,185,41,17,AVAILABLE
186,186,35,17,AVAILABLE
187,187,46,8,AVAILABLE
188,188,72,11,AVAILABLE
189,189,75,10,AVAILABLE
190,190,87,5,AVAILABLE
191,191,93,19,AVAILABLE
192,192,90,11,AVAILABLE
193,193,56,14,AVAILABLE
194,194,88,7,AVAILABLE
195,195,52,20,AVAILABLE
196,196,17,14,AVAILABLE
197,197,30,13,AVAILABLE
198,198,84,9,AVAILABLE
199,199,91,18,AVAILABLE
200,200,48,7,AVAILABLE
